week_start	sub-NA/sub-NA_icephys.nwb
2024-04-22	59731383
2024-04-29	29748355
2024-05-06	13533585
2024-05-27	16911521
2024-07-08	5919965
2024-07-29	6839205
2024-09-16	8671301
2024-11-04	6839205
2024-11-11	6839205
2025-03-03	5699196
2025-03-17	6864000
2025-08-11	6839205
2025-10-06	14551235
2025-12-15	26675367
2026-01-19	6839205
2026-02-16	11807727
2026-02-23	5129409
2026-03-23	4515009
2026-05-11	6839205
2026-05-18	11162733
2026-05-25	2574597
2026-06-01	1919517
2026-06-08	9998331
2026-06-15	6839205
