asset_path	bytes_sent
undetermined	13990696
sub-2020-02-15-0002/sub-2020-02-15-0002_ses-20200215T161748_slice-2020-02-15-0002-abf_cell-2020-02-15-0002-abf_icephys.nwb	12785970
sub-2020-02-15-0000/sub-2020-02-15-0000_ses-20200215T161436_slice-2020-02-15-0000-abf_cell-2020-02-15-0000-abf_icephys.nwb	2169056
sub-2020-02-15-0009/sub-2020-02-15-0009_ses-20200215T170205_slice-2020-02-15-0009-abf_cell-2020-02-15-0009-abf_icephys.nwb	2814162
sub-2020-02-15-0005/sub-2020-02-15-0005_ses-20200215T162505_slice-2020-02-15-0005-abf_cell-2020-02-15-0005-abf_icephys.nwb	10259200
sub-2020-02-15-0010/sub-2020-02-15-0010_ses-20200215T170814_slice-2020-02-15-0010-abf_cell-2020-02-15-0010-abf_icephys.nwb	5547872
sub-2020-02-15-0011/sub-2020-02-15-0011_ses-20200215T171331_slice-2020-02-15-0011-abf_cell-2020-02-15-0011-abf_icephys.nwb	1727127
sub-2020-02-15-0012/sub-2020-02-15-0012_ses-20200215T174110_slice-2020-02-15-0012-abf_cell-2020-02-15-0012-abf_icephys.nwb	8564224
sub-2020-02-15-0018/sub-2020-02-15-0018_ses-20200215T185611_slice-2020-02-15-0018-abf_cell-2020-02-15-0018-abf_icephys.nwb	2620636
sub-2020-02-15-0019/sub-2020-02-15-0019_ses-20200215T185741_slice-2020-02-15-0019-abf_cell-2020-02-15-0019-abf_icephys.nwb	1500492
sub-2020-02-15-0016/sub-2020-02-15-0016_ses-20200215T175452_slice-2020-02-15-0016-abf_cell-2020-02-15-0016-abf_icephys.nwb	11611556
sub-2020-02-15-0020/sub-2020-02-15-0020_ses-20200215T185940_slice-2020-02-15-0020-abf_cell-2020-02-15-0020-abf_icephys.nwb	2810602
sub-2020-02-15-0021/sub-2020-02-15-0021_ses-20200215T190549_slice-2020-02-15-0021-abf_cell-2020-02-15-0021-abf_icephys.nwb	4736494
sub-2020-02-15-0022/sub-2020-02-15-0022_ses-20200215T190926_slice-2020-02-15-0022-abf_cell-2020-02-15-0022-abf_icephys.nwb	5170181
sub-2020-02-15-0024/sub-2020-02-15-0024_ses-20200215T192626_slice-2020-02-15-0024-abf_cell-2020-02-15-0024-abf_icephys.nwb	4100118
sub-2020-02-15-0027/sub-2020-02-15-0027_ses-20200215T194749_slice-2020-02-15-0027-abf_cell-2020-02-15-0027-abf_icephys.nwb	3000685
sub-2020-02-15-0026/sub-2020-02-15-0026_ses-20200215T194610_slice-2020-02-15-0026-abf_cell-2020-02-15-0026-abf_icephys.nwb	2399360
sub-2020-02-15-0028/sub-2020-02-15-0028_ses-20200215T194952_slice-2020-02-15-0028-abf_cell-2020-02-15-0028-abf_icephys.nwb	3063788
sub-2020-02-15-0029/sub-2020-02-15-0029_ses-20200215T202027_slice-2020-02-15-0029-abf_cell-2020-02-15-0029-abf_icephys.nwb	3349464
sub-2020-02-15-0031/sub-2020-02-15-0031_ses-20200215T202559_slice-2020-02-15-0031-abf_cell-2020-02-15-0031-abf_icephys.nwb	2902762
sub-2020-02-15-0032/sub-2020-02-15-0032_ses-20200215T203317_slice-2020-02-15-0032-abf_cell-2020-02-15-0032-abf_icephys.nwb	2493136
sub-2020-02-15-0033/sub-2020-02-15-0033_ses-20200215T203651_slice-2020-02-15-0033-abf_cell-2020-02-15-0033-abf_icephys.nwb	7928952
sub-2020-02-15-0034/sub-2020-02-15-0034_ses-20200215T205714_slice-2020-02-15-0034-abf_cell-2020-02-15-0034-abf_icephys.nwb	679795
sub-2020-02-15-0037/sub-2020-02-15-0037_ses-20200215T210109_slice-2020-02-15-0037-abf_cell-2020-02-15-0037-abf_icephys.nwb	9636033
sub-2020-02-15-0038/sub-2020-02-15-0038_ses-20200215T210840_slice-2020-02-15-0038-abf_cell-2020-02-15-0038-abf_icephys.nwb	7809744
sub-2020-02-15-0040/sub-2020-02-15-0040_ses-20200215T213715_slice-2020-02-15-0040-abf_cell-2020-02-15-0040-abf_icephys.nwb	2788844
sub-2020-02-15-0041/sub-2020-02-15-0041_ses-20200215T214005_slice-2020-02-15-0041-abf_cell-2020-02-15-0041-abf_icephys.nwb	5495128
sub-2020-02-15-0042/sub-2020-02-15-0042_ses-20200215T214345_slice-2020-02-15-0042-abf_cell-2020-02-15-0042-abf_icephys.nwb	10905758
sub-2020-02-15-0043/sub-2020-02-15-0043_ses-20200215T215017_slice-2020-02-15-0043-abf_cell-2020-02-15-0043-abf_icephys.nwb	1044711
sub-2020-02-15-0044/sub-2020-02-15-0044_ses-20200215T215035_slice-2020-02-15-0044-abf_cell-2020-02-15-0044-abf_icephys.nwb	3215838
sub-2020-02-15-0046/sub-2020-02-15-0046_ses-20200215T215531_slice-2020-02-15-0046-abf_cell-2020-02-15-0046-abf_icephys.nwb	8097388
sub-2020-02-15-0047/sub-2020-02-15-0047_ses-20200215T221613_slice-2020-02-15-0047-abf_cell-2020-02-15-0047-abf_icephys.nwb	2802823
sub-2020-02-15-0049/sub-2020-02-15-0049_ses-20200215T221924_slice-2020-02-15-0049-abf_cell-2020-02-15-0049-abf_icephys.nwb	7378450
sub-2020-02-15-0051/sub-2020-02-15-0051_ses-20200215T223106_slice-2020-02-15-0051-abf_cell-2020-02-15-0051-abf_icephys.nwb	3492012
sub-2020-02-15-0050/sub-2020-02-15-0050_ses-20200215T222534_slice-2020-02-15-0050-abf_cell-2020-02-15-0050-abf_icephys.nwb	8423786
sub-2020-02-15-0053/sub-2020-02-15-0053_ses-20200215T225835_slice-2020-02-15-0053-abf_cell-2020-02-15-0053-abf_icephys.nwb	9976944
sub-2020-02-15-0054/sub-2020-02-15-0054_ses-20200215T230502_slice-2020-02-15-0054-abf_cell-2020-02-15-0054-abf_icephys.nwb	10170159
