week_start	Miscellaneous
2021-04-05	2682879397779
2021-04-12	18584326179
2021-04-19	4498969918781
2021-04-26	87468218355
2021-05-03	855923675359
2021-05-10	954229544280
2021-05-17	22482811477
2021-05-24	370518266
2021-05-31	2068658159
2021-06-07	6699900413
2021-06-14	31501069965
2021-06-28	45328510
2021-07-05	2524790844681
2021-07-12	10397428698063
2021-07-19	4539807466734
2021-07-26	46100517961
2021-08-02	875990342743
2021-08-09	1794317003394
2021-08-16	1535653775926
2021-08-23	59284014
2021-08-30	66753028741
2021-09-06	125628727
2021-09-13	13739849565
2021-09-20	13340395582
2021-09-27	59544183308269
2021-10-04	43147084282863
2021-10-11	10471999270
2021-10-18	901364644
2021-10-25	56746652434
2021-11-01	173685688385
2021-11-08	22316262766140
2021-11-15	10040044005524
2021-11-22	1395064482029
2021-11-29	1436154055609
2021-12-06	281863393155
2021-12-13	19311924
2021-12-20	50886895225192
2021-12-27	7061777634700
2022-01-03	902454824924
2022-01-10	48746188667
2022-01-17	456570208493
2022-01-24	356355306059
2022-01-31	394970559174
2022-02-07	51623355669
2022-02-14	86329529587
2022-02-21	5772706128
2022-02-28	1538954081
2022-03-07	662867486
2022-03-14	93145852424
2022-03-21	2376767399230
2022-03-28	732061195722
2022-04-04	17604722984
2022-04-11	147506191052
2022-04-18	354123357959
2022-04-25	135732421141
2022-05-02	177952234452
2022-05-09	98101901016
2022-05-16	667252879
2022-05-23	293439058454
2022-05-30	15344542515
2022-06-06	144678590604
2022-06-13	120248540735
2022-06-20	571866740
2022-06-27	80718009737
2022-07-04	853904319
2022-07-11	214852951773297
2022-07-18	34645697159
2022-07-25	8433864752730
2022-08-01	51288629422265
2022-08-08	150192531906386
2022-08-15	146502009445
2022-08-22	213019655647882
2022-08-29	69653049114323
2022-09-05	3975543601965
2022-09-12	1663647934292
2022-09-19	983549184870
2022-09-26	176614132489
2022-10-03	162221772082
2022-10-10	43819552225
2022-10-17	9952102156
2022-10-24	168413768190
2022-10-31	21413467794946
2022-11-07	5958471354639
2022-11-14	3123734820
2022-11-21	118897741937
2022-11-28	11421912777
2022-12-05	291840351622
2022-12-12	241290543212
2022-12-19	114726201595
2022-12-26	15462812
2023-01-02	79240986002
2023-01-09	185044357769
2023-01-16	65959174419
2023-01-23	153585970893
2023-01-30	112366786265
2023-02-06	474680537422
2023-02-13	21335743508931
2023-02-20	24546410225654
2023-02-27	262442806152
2023-03-06	1715096911195
2023-03-13	168358579056
2023-03-20	260405684032
2023-03-27	9475424963
2023-04-03	182032467582
2023-04-10	33931740355470
2023-04-17	8356898009
2023-04-24	268932663183
2023-05-01	10992908695
2023-05-08	4753662045958
2023-05-15	101439764541
2023-05-22	213552385721
2023-05-29	137834748
2023-06-05	38591243976
2023-06-12	70659764736
2023-06-19	1356599213499
2023-06-26	177129163154
2023-07-03	78974886295
2023-07-10	70221651670
2023-07-17	518482014902
2023-07-24	307775077583
2023-07-31	65220135779
2023-08-07	897617072433
2023-08-14	157145070302
2023-08-21	84024238528
2023-08-28	2617145773921
2023-09-04	1803583765856
2023-09-11	931199883160
2023-09-18	728218185244
2023-09-25	710816004603
2023-10-02	1505889784475
2023-10-09	1289374203989
2023-10-16	10462013635170
2023-10-23	13616528397159
2023-10-30	13630658535009
2023-11-06	6919189257563
2023-11-13	2290920391773
2023-11-20	1640563664290
2023-11-27	1845207244590
2023-12-04	7013938284277
2023-12-11	4983970680790
2023-12-18	1582012285646
2023-12-25	98884979570
2024-01-01	167054967103
2024-01-08	1624426930100
2024-01-15	2306678225183
2024-01-22	1878351306916
2024-01-29	2377794269404
2024-02-05	1278786035231
2024-02-12	5393725338722
2024-02-19	1190929726342
2024-02-26	2199189562657
2024-03-04	98211184796
2024-03-11	1437115719873
2024-03-18	1826605471137
2024-03-25	1480374707917
2024-04-01	734050437741
2024-04-08	297155766263
2024-04-15	336557857300
2024-04-22	416809431048
2024-04-29	2954449189777
2024-05-06	712735326916
2024-05-13	2224895092696
2024-05-20	3813832382852
2024-05-27	577756407069
2024-06-03	1438615321026
2024-06-10	2240852660350
2024-06-17	3001741359621
2024-06-24	67876919524
2024-07-01	425938485137
2024-07-08	308992381207
2024-07-15	216128040037
2024-07-22	86725459768
2024-07-29	179168065950
2024-08-05	106036115895
2024-08-12	277643354195
2024-08-19	188957821788
2024-08-26	36883194867826
2024-09-02	133726455571151
2024-09-09	190165135657494
2024-09-16	1236812411476
2024-09-23	1238759830418
2024-09-30	2172192808518
2024-10-07	111435437652
2024-10-14	311038064616
2024-10-21	1440877039056
2024-10-28	946636025312
2024-11-04	582069900267
2024-11-11	616339157456
2024-11-18	334790653035
2024-11-25	235820217338
2024-12-02	2600728675726
2024-12-09	160605328563
2024-12-16	20878775140
2024-12-23	10414897667
2024-12-30	3261078228
2025-01-06	20475964385
2025-01-13	414483297401
2025-01-20	58459346397
2025-01-27	803910212981
2025-02-03	308469780261
2025-02-10	5993477238667
2025-02-17	6100208426001
2025-02-24	885575893131
2025-03-03	1162674720843
2025-03-10	319596181848
2025-03-17	284658688992
2025-03-24	502452738838
2025-03-31	105253840795
2025-04-07	197347730240
2025-04-14	83956115843
2025-04-21	96327653260
2025-04-28	493620266583
2025-05-05	4965135054870
2025-05-12	533883018316
2025-05-19	200988330254
2025-05-26	275094616163
2025-06-02	1864975559820
2025-06-09	35443494020063
2025-06-16	1032742562707
2025-06-23	934573029522
2025-06-30	2615677534768
2025-07-07	615195567347
2025-07-14	279147337086
2025-07-21	10864927203420
2025-07-28	153208819316448
2025-08-04	115245418668252
2025-08-11	111936985550117
2025-08-18	43360248783776
2025-08-25	51874012610494
2025-09-01	62973207838838
2025-09-08	49097081404672
2025-09-15	4399438675886
2025-09-22	1934250330221
2025-09-29	7722339489443
2025-10-06	8159059420130
2025-10-13	8457716722900
2025-10-20	6942033690281
2025-10-27	461646416875
2025-11-03	308508882887
2025-11-10	149924292872
2025-11-17	362074594160
2025-11-24	131622412729
2025-12-01	640056577503
2025-12-08	40321472803598
2025-12-15	24748883982878
2025-12-22	22690255543525
2025-12-29	51263036438881
2026-01-05	23400891921108
2026-01-12	44831381624703
2026-01-19	53957078699544
2026-01-26	130704954635405
2026-02-02	45622042562213
2026-02-09	2487062861578
2026-02-16	8975136438674
2026-02-23	8233367423497
2026-03-02	813671034219
2026-03-09	816998562626
2026-03-16	1445467277803
2026-03-23	468873653602
2026-03-30	104646052970
2026-04-06	419623797410
2026-04-13	3320218153900
2026-04-20	3293559380120
2026-04-27	3817098886238
2026-05-04	4479161999606
2026-05-11	23033367309027
2026-05-18	4509413705831
2026-05-25	2588034119039
2026-06-01	8773404636872
2026-06-08	6655618383598
2026-06-15	17437541616727
2026-06-22	32155674410316
2026-06-29	3821928810475
2026-07-06	3203652962073
2026-07-13	253519570403
2026-07-20	5067092536937
2026-07-27	4283231575269
