region	bytes_sent	number_of_requests	number_of_downloads	number_of_views
USA/MA	727343089645053	22029044	200465	339557
NLD	566834852400948	20648775	6825565	25844
AWS/us-east-1	430001833571924	51626801	435892	128895
USA/NY	8984080885911	1469405	318733	1513
VPN	68885803225623	1141741	245851	9836
CHN	262547630789866	25947722	278933	69689
USA/VA	284005228672	69971	37775	567
USA/IL	169308455808	498771	422156	1618
GCP/us-east1	170788106549	9939	1739	78
USA/NH	1710973715182	67362	6147	3986
USA/TX	427451122416	58497	36633	349
USA/VT	29042466635	74984	36377	392
bogon	226666523427	496540	107579	1131
GBR/ENG	440760608876	10999	4941	3314
CAN/AB	82978523827	265744	264882	5
GH-actions	2322727042672	12473736	2033500	28390
USA/NV	444214416666032	17281082	357357	42286
AWS/us-east-2	25296089292770	36335747	108835	10067
USA/CA	74549937464450	358380	56941	1674
USA	97955524110524	11372984	39372	21160
ESP/MD	14804671039	44	44	0
IND	187270885	88	22	3
GAB/1	715039	1	1	0
BEL/BRU	167870442	83	5	4
MOZ/MPM	7406395	2	2	0
VNM/HN	497725435	136	136	0
BGD/A	4070788	4	4	0
TUR/34	18216116911	121	111	8
VNM/35	2642211	4	4	0
ZAF/GP	48073593	38	38	0
BRA/CE	128765639	8	8	0
VNM/SG	2312425688	149	149	0
USA/OH	109118176343	138	128	1
DEU/HE	4927978579	15	13	1
VNM/68	4363577	6	6	0
SAU/01	76854993	22	22	0
VNM/DN	43328769	25	25	0
ZAF/NW	12415405	8	8	0
ARG/B	267681066	95	80	15
FRA/NOR	3309754	2	2	0
BRA/SP	133602004510	540	521	12
VNM	36476675	26	26	0
FRA/PDL	35061700	4	4	0
IRQ/NI	2939510	4	4	0
VNM/CT	8582209	11	11	0
JOR	27484503	11	11	0
DZA/16	108136447	10	10	0
IND/HR	15919043	6	6	0
VNM/37	26596203	4	4	0
USA/GA	488507800441	14553	1077	649
USA/NE	248620656	890	94	130
GBR	44725263972	127167	7860	6037
ESP/CB	3210029	2	2	0
AWS/us-west-2	17794040680909	519535	13009	1281
USA/TN	166962502325	28504	470	182
USA/OR	266033060411	1423	155	21
GCP/us-central1	2909348238748	664664	19034	141
GCP/us-west1	687607501074	31441	851	75
GCP/europe-west1	12098923	67	67	0
ITA/25	755132151186	200006	587	54
ITA	265021418	863	770	3
GCP/us-west4	87059998945	3699	303	16
GCP/us-east4	375150322305	9266	343	104
AWS/ap-northeast-1	360771478	18	17	1
GCP/europe-west2	9679244	58	58	0
GCP/europe-west4	249512988749	14618	271	117
USA/WA	4170956981018	400044	262599	1621
GCP/europe-west3	4839598	28	28	0
GCP/us-west3	55519731435	12511	104	2
NOR/03	15037083448	61	44	1
FRA/PAC	156298098026	6664	652	433
MEX/CMX	2573919890340	430816	21277	7263
USA/DC	29604380693	5332	774	64
CHE	1260636344	97	38	2
PRY/11	36488012	7	7	0
USA/NJ	915101643147	26277	21025	32
USA/HI	75780786	1131	1131	0
CHN/JS	3328083976	135	94	13
IND/RJ	9967436	9	9	0
SAU/03	2817868	3	3	0
MEX/SIN	7665460	4	4	0
BRA/PA	36213608	13	13	0
BRA/DF	145278908	6	6	0
TUR/01	5503696	5	5	0
COL/ANT	2318862550	22	22	0
PHL/10	4521076	4	4	0
AWS/cn-north-1	17684740	6	6	0
BRA/RJ	228060004	49	49	0
BRA/SC	609913021	36	33	3
BRA/ES	10398907814	19	17	1
BRA/MG	38870484041	6581	90	13
BRA/PB	16837434	7	7	0
USA/CO	11893618726	1185	1128	2
GRC/G	303924326	2352	2352	0
CAN/QC	65562945981891	105089	37580	4971
JPN/13	1545246494595	15048024	186	1438
IRN	21881414779237	20091	544	1093
ITA/45	256699047651	41766	21	724
USA/IN	325910812803	208670	1064	762
AWS/ap-southeast-1	733686431915	261650	261648	1
PRT/11	575513085621	60486	849	22
USA/PA	561807309020	63216	6518	336
CHN/SH	34378328957	2147	2033	5
FIN/18	13578598797	1514	1514	0
USA/AR	6297022520	301	301	0
CAN/ON	799404374011	4220	1035	11
USA/MD	245752680702	7246	981	304
HUN/BA	23395118460	31078	69	35
GBR/SCT	91736206524	15093	2149	1401
USA/MI	272398917215	5464	5160	19
USA/NM	215594600042	1327	1173	6
VNM/26	60476724	9	9	0
SAU/04	16573524	10	10	0
ARE	5633688	1	1	0
PHL/06	2227272	2	2	0
CHE/ZH	81086025492	289161	77	213
DEU/BW	1357807881391	13496	487	71
KOR/30	2255337886420	247	99	70
SGP	2196540624860	12570	772	102
RUS	217923108548	376	296	5
CHE/FR	1291755333	401	105	25
USA/AL	2408708995	5382	339	300
VNM/45	3015530	4	4	0
COL/NSA	1113636	1	1	0
MEX/SON	42720012	15	6	1
PRY/ASU	19785578	11	11	0
TUR/31	3930480	3	3	0
USA/CT	788318803159	439	165	3
ITA/52	3439795407	138	23	16
GCP/asia-east1	330760394112	5243	211	29
HUN/BU	163394945336	31688	2040	780
MEX/MEX	256314244509	38708	185	75
DZA/43	2227272	2	2	0
CHE/VD	235341919659	930	169	34
DEU/BE	2499138742873	13750	441	91
USA/IA	290980291	118	16	43
FRA/CVL	309	1	1	0
CHE/LU	309	1	1	0
DEU/NW	61286472428	512	159	7
GBR/WLS	118638617	8	8	0
TUR/54	618	2	2	0
JOR/AM	135878144	39	39	0
AUT/9	91608633800	126	54	2
CHN/HB	117697193246	162	156	6
IND/DL	51962934	25	25	0
ARG/S	68424544	13	13	0
SAU/02	58695168	31	31	0
VNM/13	3930480	4	4	0
IRQ/SU	9566330	6	6	0
SWE/AB	343317902295	38216	344	66
ARG/H	2685828	2	2	0
ITA/62	13174744433	3445	130	53
IRQ/BG	47260823	33	32	1
SWE/O	8419734301	157	157	0
PHL/11	3144384	3	3	0
BRA/RS	143384819	51	51	0
PSE/NBS	8647056	2	2	0
IND/TS	19324860	9	9	0
VEN/A	58120148	18	18	0
DEU/NI	56812999628	638	27	4
THA/10	654255676	6	6	0
GCP/asia-southeast1	18329724707	5280	57	29
IND/GJ	18591906247	67	67	0
USA/FL	99890382412	354	65	11
CHE/BE	14213154586	2689	6	8
CAN/BC	108248821904	723	75	33
FRA/ARA	5102119779	678	19	4
KEN/30	91527541	115	28	1
USA/AZ	390536634	2601	31	4
DEU/BY	47934716531	335	88	12
BRA/BA	57081436	15	15	0
CHL/TA	2227272	1	1	0
ECU/C	10874328	2	2	0
PER/ARE	1441176	1	1	0
MEX/MIC	12392996	5	5	0
ESP/CL	16114968	1	1	0
CHE/BS	47131643226	72	72	0
USA/UT	20529598564	94	30	2
USA/NC	1665153802847	858	456	6
VEN/V	47199144	15	15	0
SYR	16901311	15	15	0
LBN/BI	6550800	1	1	0
ESP/AR	1128479	2	2	0
IDN/SU	10888024	4	4	0
ESP/AN	54424956	16	16	0
HKG	10156664266558	1212023	1082	1208
FRA/OCC	103595123	36	36	0
FRA/IDF	544872203429	5499	91	13
ARE/DU	23124324	6	6	0
MAR/07	26597556	14	14	0
PAK/SD	34238830	31	31	0
IRQ/MU	1048128	1	1	0
TWN/TPE	5630756628	119	119	0
TWN/NWT	551618272	11	11	0
BRA/PE	69426958	20	20	0
CRI/SJ	3755356	3	3	0
SYC	346851818	81	46	1
ITA/65	917112	1	1	0
THA/40	917112	1	1	0
EST/37	137112567	6	6	0
ESP/CT	295813137909	31766	277	78
CHN/BJ	5830664298	164	152	9
TUR/06	13101600	2	2	0
DEU/SN	68672221	8	8	0
USA/SC	43919059010	38	26	2
TWN/TAO	131362244	11	11	0
SEN/DK	84178472	12	12	0
ARG/C	110032737	28	28	0
FRA/NAQ	70879040	5	5	0
NLD/GE	114957809	771	8	3
IND/KA	128378224	38	24	1
JPN/23	25379248946	41	41	0
AUS/NSW	2041423444	1833	53	4
DEU	555657068	21	21	0
NLD/UT	342591529	6	6	0
AUS/VIC	546362731	64	17	2
EGY	133459017	11	11	0
FIN	67624093	7	7	0
PAK/PB	103323236	62	62	0
RUS/MOW	48672444	7	7	0
TZA/02	3537432	3	3	0
BGD	309682208	70	70	0
VNM/HP	32915426	18	18	0
MYS/10	51919144	15	15	0
KAZ/27	3027920	3	3	0
VNM/39	11748188	3	3	0
BRA	8057484	3	3	0
CHL/RM	2187046632	53	53	0
VNM/66	31066650	7	7	0
VEN/X	1375668	1	1	0
PHL/40	292091893	10	10	0
ECU/O	9957216	3	3	0
BGD/C	48346116	30	30	0
NGA/LA	963118775	353	41	14
PRT	3846249795	1533	46	15
ITA/42	137771270	205	5	4
TUR/35	5371656	5	5	0
MEX/GUA	12665717421	42	42	0
VNM/53	1965240	2	2	0
USA/WI	14471965236	696	48	39
NLD/NH	646310657098	33	33	0
VNM/56	4716576	5	5	0
IDN	41270040	15	15	0
KOR/11	1821173871	17	17	0
IND/MH	8437515065	108	77	2
ITA/88	707439455	46	10	3
GCP/europe-central2	181346771	4	4	0
IRQ/KI	12839568	3	3	0
ISR/TA	1396493508647	203	137	2
PAK	8331500	8	8	0
FRA/20R	6092244	3	3	0
ESP	29046552914	94	19	2
IDN/BT	33933391	8	8	0
UKR/18	11614972	2	2	0
AUT/5	998634167	220	26	7
MNE/16	2816844	2	2	0
KOR	669350032	37	9	2
PHL/09	1113636	1	1	0
GHA/AH	1113636	1	1	0
PHL/00	24893040	15	15	0
NAM/KH	15197856	5	5	0
BRA/MS	15228672	7	7	0
BLR/HM	9432455	14	14	0
MEX/ZAC	7467912	2	2	0
BRA/RN	3144384	3	3	0
IND/TN	14369270828	329	12	2
HUN/PE	28164679872	1854	44	11
IRN/23	113795244	8	6	1
AUS/QLD	149716453	5	4	1
CHL/ML	14084220	4	4	0
VEN/S	1048128	1	1	0
MEX/COA	9238790	4	4	0
RUS/STA	5895720	3	3	0
TUR/73	1375668	1	1	0
ZAF/WC	61867800	22	22	0
URY/MO	64816357	21	21	0
NPL	495070087	9	9	0
SYR/ID	3406416	1	1	0
RUS/KDA	14477268	4	4	0
BRA/GO	36910108	17	17	0
BRA/MT	17712840	6	6	0
VNM/61	3953592	4	4	0
NGA	2554812	2	2	0
MAR/06	87647077	48	21	1
CHL/CO	6092244	1	1	0
CHE/AG	5154361091	54	10	3
ZAF/LP	2227272	2	2	0
NGA/RI	2227272	2	2	0
ARE/AZ	10365091	7	7	0
VNM/69	3144384	3	3	0
ECU/G	18735336	10	10	0
MAR/03	22010688	6	6	0
IDN/JI	9065784	9	9	0
ARG/X	151561516	13	13	0
IDN/JK	31981600	12	12	0
IND/UP	55205905	13	13	0
TUR/26	4258020	1	1	0
MEX/JAL	319978960	6	6	0
PER	2161764	2	2	0
ATG/04	6550800	1	1	0
FRA	264876230	13	13	0
RUS/SPE	8516040	3	3	0
OMN/MA	48424964	12	12	0
IDN/YO	49720572	8	8	0
ITA/82	177543820	73	6	3
SAU	1375668	1	1	0
IND/JH	3551984	3	3	0
ALB/11	55616292	6	6	0
MAR/09	212916703	208	17	6
ECU/P	77744656	10	10	0
MEX/CHH	25155072	4	4	0
LTU/VL	54109859	5	5	0
JPN/14	82934075002	23	23	0
ROU/CT	14084220	1	1	0
COL/DC	142307013	45	45	0
BEL	603200376	82	10	4
SWE/C	588718885156	76775	212	49
UKR/30	3635882858	6	6	0
BGR/22	10022724	2	2	0
QAT/DA	2554812	2	2	0
MEX/NLE	118783528	12	12	0
BRA/PI	741208812	9	9	0
MAR/01	17163096	3	3	0
PRT/10	78772056718	941	21	9
KHM/12	19771538	6	6	0
AZE/BA	33018194	12	12	0
USA/KY	773443196	2	2	0
TUN/21	19259352	4	4	0
AGO/LUA	3209892	2	2	0
AUS/WA	588008597	7	7	0
HND/CR	12905076	4	4	0
ARG	29435081	14	14	0
UKR/43	1703208	1	1	0
ESP/MC	3078876	3	3	0
ZAF/EC	1244652	1	1	0
ROU/IS	15983952	1	1	0
VEN	10706052	5	5	0
PRI	3209892	2	2	0
ARG/T	20003052	6	6	0
VNM/34	8649218	3	3	0
AUS/ACT	3275400	1	1	0
IDN/JB	22272965	10	10	0
IDN/KI	2032910	2	2	0
HTI/OU	982620	1	1	0
MEX/BCS	2423796	1	1	0
MYS/14	21773783	12	12	0
ESP/VC	13640216	6	6	0
PRT/03	1128188	1	1	0
PRT/13	310251226	113	6	1
DZA/44	1375668	1	1	0
VEN/D	5699196	2	2	0
DOM/32	11267376	3	3	0
IRL/C	9892476	2	1	1
ARG/N	3537432	3	3	0
KAZ/15	1441176	1	1	0
ARG/J	22469244	6	6	0
ARG/M	45190604	13	13	0
COL/CHO	1703208	1	1	0
VEN/O	13040776	3	3	0
BRA/PR	82298104	21	21	0
UKR/26	2227272	1	1	0
PSE/RBH	15643928	2	2	0
TTO/ARI	1768716	1	1	0
RUS/PER	4389036	1	1	0
BIH/BIH	3209892	1	1	0
ARE/SH	6943848	6	6	0
ARG/V	4192512	1	1	0
TUR/07	14164280	3	3	0
GTM/01	56677693	8	6	1
IND/JK	1179144	1	1	0
KAZ/23	1375668	1	1	0
MAR/02	2227272	2	2	0
MLI/BKO	2161764	2	2	0
EGY/MNF	1113636	1	1	0
IND/KL	16913048	8	8	0
MYT	1048128	1	1	0
TJK/DU	1113636	1	1	0
ISL/1	4731128	5	5	0
ETH/AA	36684480	11	11	0
USA/MN	970229480	118	17	4
IDN/KS	3406416	2	2	0
CYP/01	3144384	3	3	0
SRB/00	43055272	2	2	0
ITA/21	1188340	2	2	0
IRQ/DI	1705370	2	2	0
PER/LMA	39045221	10	10	0
PRY/10	23844912	3	3	0
IRQ/BA	1113636	1	1	0
FRA/GES	1931560431	328	11	3
PAK/KP	9891708	7	7	0
PAN/8	59241344	9	9	0
IRQ/BB	1965240	2	2	0
BRA/AM	9957216	2	2	0
GHA/AA	1409545201	11	11	0
CZE/10	42252660	3	3	0
BRA/SE	27208932	8	8	0
PER/TAC	6550800	1	1	0
MEX/VER	18248032	6	6	0
MEX/QUE	7926468	2	2	0
USA/DE	2054019999	953	28	8
ITA/34	4150457693	14	11	1
KOR/41	1940149274	8	8	0
LKA/2	9236628	1	1	0
PAK/IS	16639032	6	6	0
MMR/06	3930480	1	1	0
BIH/SRP	9566330	4	4	0
CHN/TJ	1170777819	61	5	3
MEX/YUC	8385024	2	2	0
COL/VAC	14625404	6	6	0
LBN/BA	14475958	3	3	0
CHL/LR	11415512	2	2	0
ARE/RK	4454544	1	1	0
HUN/FE	101469548	114	10	3
EGY/IS	15721920	2	2	0
VNM/54	16442508	7	7	0
NOR/50	3691740040	614	14	8
TUN/34	6943848	1	1	0
USA/LA	1544081292	6	6	0
NGA/FC	11398392	5	5	0
DZA/31	3340908	3	3	0
DZA/09	3799464	3	3	0
USA/RI	2118201455	707	16	15
MAR/05	1113636	1	1	0
AUS/SA	19390368	1	1	0
BRA/MA	19064990	9	9	0
SAU/05	917112	1	1	0
AZE	1048128	1	1	0
DOM/01	44021376	8	8	0
ZAF/KZN	30199188	9	9	0
SYR/DI	5568180	1	1	0
MYS/04	17621652	2	2	0
AWS/ap-northeast-2	2501461030	18	18	0
UKR	12577536	4	4	0
NPL/P5	1113636	1	1	0
IND/AR	1048128	1	1	0
GRC/J	1310160	1	1	0
TUN/51	118532644	4	4	0
TUR/42	4978608	3	3	0
UKR/46	9049276	2	2	0
IND/WB	8450532	7	7	0
JAM/14	20438496	2	2	0
ARG/D	120628900	5	5	0
MEX/MOR	2161764	1	1	0
MAR/04	11529408	6	6	0
IND/HP	1113636	1	1	0
POL/30	176628280	2957	3	3
BGR/16	624635375598	16	11	5
ITA/75	163764378	162	15	4
TUR	4258874	4	4	0
CHL/LI	11662586	5	5	0
FRA/HDF	1179144	1	1	0
POL/06	9760692	2	2	0
ITA/72	117912961	23	5	2
ZAF	3995988	3	3	0
DOM/25	5633688	3	3	0
IND/CG	917112	1	1	0
CAN/MB	8712564	2	2	0
JAM	8319516	2	2	0
CHL/AP	2096256	1	1	0
UZB/TK	12485954	7	7	0
FRA/BRE	7140372	3	3	0
KAZ/71	8188500	5	5	0
IRQ/DQ	6681816	2	2	0
URY/MA	14346252	2	2	0
COL/MET	17228604	3	3	0
IDN/AC	7533420	1	1	0
SLV/SS	4454544	1	1	0
RUS/VLG	917112	1	1	0
COD/KN	3144384	3	3	0
AZE/YEV	1375668	1	1	0
TUR/59	3930480	2	2	0
ROU/B	24577880	8	8	0
COL/RIS	7860960	2	2	0
TWN/TXG	126957884	21	8	4
IRL	50924598	5	5	0
SWE	85434413	2	2	0
TWN/KHH	63096185	1	1	0
BOL/S	4520052	4	4	0
BGD/H	37667100	1	1	0
IDN/KB	5188828	3	3	0
ZAF/FS	1441176	1	1	0
IDN/BA	1375668	1	1	0
BHS/FP	1113636	1	1	0
BRA/AL	14935824	4	4	0
CIV/AB	3146546	3	3	0
BGD/D	3144384	3	3	0
IDN/JT	7271388	3	3	0
VEN/F	4258020	1	1	0
RUS/ALT	1128188	1	1	0
SAU/14	3897500	2	2	0
CMR/LT	1972913880	71	41	12
IRQ	12905124	10	10	0
COL/CUN	8861556	4	4	0
VEN/I	6028898	4	4	0
IND/PB	6157752	4	4	0
GRC/M	1703208	1	1	0
UKR/59	1048128	1	1	0
ARG/U	1113636	1	1	0
IND/UK	5175132	5	5	0
MDG	8188500	3	3	0
KWT/KU	18407748	3	3	0
CAN/NB	8188500	1	1	0
IRQ/AR	29937156	6	6	0
POL/12	8250220	7	3	1
ARG/A	8712564	2	2	0
ESP/AS	1387852003	3	3	0
BOL/L	22403736	5	5	0
MEX/NAY	9040104	2	2	0
IRL/L	82605588	6	6	0
VEN/M	12315504	2	2	0
COL/LAG	2358288	1	1	0
GBR/NIR	67531313253	9	9	0
BGD/B	1113636	1	1	0
GRC/I	10350264	1	1	0
KEN/31	3340908	1	1	0
SUR/PM	11725932	3	3	0
COL/MAG	17359620	4	4	0
USA/MO	432324902	32	7	3
KEN/17	2227272	2	2	0
UKR/56	1703208	1	1	0
IDN/SS	2030748	2	2	0
UGA/C	1113636	1	1	0
CRI/A	4454544	1	1	0
BLR/MA	2227272	1	1	0
NLD/ZH	870738039	3	3	0
HUN/BZ	2995931	9	2	1
COL/CAU	9433152	2	2	0
PHL/03	32491968	6	6	0
COL/SAN	12326632	5	5	0
VNM/46	1048128	1	1	0
MEX/GRO	1113636	1	1	0
JAM/08	4716576	1	1	0
JAM/12	5830212	1	1	0
JPN/35	6878340	1	1	0
CHL/LL	1113636	1	1	0
DNK	3406416	1	1	0
IRQ/DA	11204030	4	4	0
CHL/BI	4192757	3	3	0
EGY/GZ	15590904	4	4	0
NGA/OY	1113636	1	1	0
RUS/SVE	18473256	2	2	0
TUN/11	3341199	4	4	0
BES/BO	3799464	1	1	0
DOM	8188500	1	1	0
ISR	3340908	1	1	0
VNM/06	851604	1	1	0
RUS/IRK	1375668	1	1	0
USA/OK	1383659491	2	2	0
MDV/26	2947860	2	2	0
IND/CH	13363632	2	2	0
THA/50	3275400	3	3	0
KAZ/75	7547116	5	5	0
USA/ME	625836334	1	1	0
VNM/20	10953532	5	5	0
BEL/WAL	22991945	6	6	0
ARG/W	14477268	3	3	0
PSE/TKM	2030748	1	1	0
MEX/PUE	25220580	7	7	0
DZA/23	7205880	1	1	0
COL/BOY	5109624	2	2	0
KAZ/47	3537432	1	1	0
RUS/ROS	2292780	2	2	0
MYS/08	19717908	2	2	0
VEN/G	27316836	4	4	0
PHL	9891708	3	3	0
ETH/SI	917112	1	1	0
CRI/H	1375668	1	1	0
RUS/MOS	15625952	3	3	0
MEX/TAM	11725932	2	2	0
IND/AS	9433152	2	2	0
KAZ/39	2685828	2	2	0
RUS/NVS	1441176	1	1	0
NLD/OV	1048128	1	1	0
COD/HK	917112	1	1	0
ARM/ER	6223260	3	3	0
MWI/C	917112	1	1	0
MYS/07	8319516	3	3	0
UKR/51	4651068	2	2	0
IND/BR	29354812	5	5	0
VEN/N	50113620	3	3	0
ROU/SM	5830212	1	1	0
IRQ/KA	16390696	5	5	0
TUR/10	2358288	1	1	0
NZL/CAN	18211224	1	1	0
TJK	8712564	1	1	0
TUN/12	1703212	2	2	0
KOR/26	4	1	1	0
TUN/14	3144384	1	1	0
DEU/SH	956935120	2	2	0
CHL/AT	1393644	1	1	0
VNM/41	10350264	1	1	0
IND/NL	7205880	2	2	0
NLD/NB	196	1	1	0
TGO/M	1048128	1	1	0
CHN/ZJ	58320579	26	3	2
NIC/MN	17359871	3	3	0
CRI/G	13494648	2	2	0
IRQ/MA	13538256	1	1	0
RUS/VOR	7336896	2	2	0
MEX/HID	7467912	2	2	0
UKR/40	941994	2	2	0
IDN/BE	1113636	1	1	0
UKR/14	1375668	1	1	0
ARG/Q	4323528	2	2	0
DEU/HH	3212487568	494	4	4
VNM/43	12643044	4	4	0
CHL/AR	9171120	2	2	0
ARE/AJ	2030748	2	2	0
EGY/KFS	1179144	1	1	0
UKR/61	1113636	1	1	0
SLE/W	2227272	2	2	0
UKR/35	2161764	2	2	0
VNM/52	2950022	4	4	0
IND/MP	15721920	4	4	0
DZA/25	10088232	3	3	0
BFA	11680064	1	1	0
GUF	2947860	1	1	0
SAU/09	1113636	1	1	0
RUS/TUL	3209892	2	2	0
BGD/E	8057484	3	3	0
NOR	1789169	3	3	0
JPN/26	3990531	7	7	0
FIN/11	3578338	6	6	0
ISL/2	5206447	1	1	0
CAN	5206447	1	1	0
GCP/us-south1	24969703855	2	2	0
ZAF/MP	1048128	1	1	0
POL/26	196777868	3	3	0
JPN	45266028	4	4	0
JPN/27	25941168	3	3	0
ESP/NC	109317	12	0	1
PER/CUS	16966572	3	3	0
TUR/33	1375668	1	1	0
BHR/13	10153740	1	1	0
ZMB/09	74704	1	1	0
TUR/27	5240640	2	2	0
POL/14	14215236	2	2	0
EGY/MN	1113636	1	1	0
NPL/P1	1113636	1	1	0
ESP/CM	3487332	2	2	0
ROU	84701844	4	4	0
RUS/YAR	1637700	1	1	0
DZA/19	2292780	2	2	0
CAN/NS	10677804	2	2	0
HUN/VE	15034796	1	1	0
NZL	30264696	3	3	0
RUS/PNZ	1375668	1	1	0
RUS/KK	1113636	1	1	0
KOR/27	22600591	1	1	0
HKG/NSK	237957480	1	1	0
UKR/23	2358288	1	1	0
IND/OD	8254008	2	2	0
DZA/34	1506684	1	1	0
DZA/15	4782084	3	3	0
PRT/01	9171120	1	1	0
JPN/40	1441176	1	1	0
VEN/K	2162	1	1	0
DNK/84	13071	8	8	0
VNM/70	2162	1	1	0
VNM/21	1050290	2	2	0
OMN/ZU	1115798	2	2	0
KAZ/55	2162	1	1	0
ESP/PV	1377830	2	2	0
KGZ/GB	10383196	4	4	0
EGY/ALX	12458456	2	2	0
BRB/08	3013368	1	1	0
RUS/SAR	1441176	1	1	0
TWN/CHA	1375668	1	1	0
IRQ/NA	917112	1	1	0
VNM/49	1113636	1	1	0
CZE/64	1022	1	1	0
MUS/PW	1113636	1	1	0
HND/FM	4258020	1	1	0
ESP/EX	2751336	2	2	0
VNM/50	13756680	1	1	0
MEX/ROO	26666944	18	4	1
TWN/HSZ	1113636	1	1	0
TUR/21	1048128	1	1	0
UKR/12	6026736	3	3	0
CRI	1375668	1	1	0
KEN	2620320	2	2	0
PER/LIM	1375668	1	1	0
CAN/NL	118401628	2	2	0
MMR	917112	1	1	0
PRY/2	1048128	1	1	0
DZA/03	917112	1	1	0
DZA/08	1113636	1	1	0
TUN/82	1703208	1	1	0
SVK/ZI	1310160	1	1	0
VNM/29	1048128	1	1	0
MYS/12	851604	1	1	0
COL/ARA	2096256	1	1	0
ARG/E	1375668	1	1	0
MEX/BCN	2242075	3	3	0
ESP/CN	3864972	1	1	0
RWA/01	1375668	1	1	0
URY/SA	1310160	1	1	0
HUN/SO	851604	1	1	0
CHL/VS	1310160	1	1	0
AWS/ap-southeast-2	8678180261	3	3	0
MYS/13	982620	1	1	0
MYS/01	1113636	1	1	0
DZA/47	1375668	1	1	0
TUR/64	1327280	1	1	0
DZA/27	1965240	1	1	0
NGA/ED	1179144	1	1	0
KOR/44	917112	1	1	0
PRT/15	197547173	56	2	1
GRD/03	2816844	1	1	0
BFA/03	2816844	2	2	0
SVN/061	6419784	1	1	0
COL/CAL	6223260	2	2	0
LBY/TB	4716576	3	3	0
IRQ/SD	1375668	1	1	0
MEX/TAB	1244652	1	1	0
ARG/R	7467912	2	2	0
COD/NK	1113636	1	1	0
ARG/Y	1768716	1	1	0
KAZ/79	1113636	1	1	0
ECU/H	2685828	1	1	0
BEN/LI	2030748	2	2	0
NPL/P3	1048128	1	1	0
ARG/P	917112	1	1	0
VNM/57	1179144	1	1	0
GEO/TB	4127004	1	1	0
ISR/M	79223161	12	12	0
CHN/GZ	372939	3	3	0
RUS/KHM	1113636	1	1	0
EGY/C	4061771	4	4	0
VNM/18	1048128	1	1	0
UZB/SA	3668448	2	2	0
DZA/06	1128188	1	1	0
POL/22	8712564	1	1	0
SOM	862732	1	1	0
AWS/sa-east-1	10501336	1	1	0
TUR/38	1375668	1	1	0
GCP/us-east5	16775088	15	1	1
AWS/ca-central-1	57798216	60	4	4
AWS/eu-west-1	624407184	735	49	24
AWS/ap-south-1	13458349953	894	530	6
CHN/SD	12713592	15	1	1
GCP/asia-south1	38402808	45	3	2
CPV/PR	1113636	1	1	0
VEN/T	9236628	1	1	0
RUS/VGG	3620916	2	2	0
ITA/36	1004802647	289	9	3
JAM/01	3144384	1	1	0
ROU/HD	12970584	1	1	0
REU	1113636	1	1	0
PHL/12	917112	1	1	0
VEN/U	2816844	1	1	0
TWN/HSQ	1113636	1	1	0
VEN/Y	6550800	1	1	0
TWN/TNN	291	1	1	0
NZL/WKO	1113636	1	1	0
MDA/CU	11136360	1	1	0
ROU/TM	2947860	1	1	0
PNG/NCD	929096	1	1	0
ESP/GA	1050512	1	1	0
ISR/JM	9512356	2	2	0
ARG/L	1572192	1	1	0
GMB/B	917112	1	1	0
ETH/OR	3733956	1	1	0
RUS/NIZ	1179144	1	1	0
COL/HUI	3733956	1	1	0
MEX/AGU	3799464	3	3	0
RUS/TA	851604	1	1	0
MWI/S	1768716	1	1	0
ECU/A	4323528	1	1	0
ITA/32	10022724	1	1	0
USA/ID	2234674796	2	2	0
BLZ/BZ	22474432	15	1	1
VNM/44	1179144	1	1	0
KAZ/59	1768716	1	1	0
COL	8974596	1	1	0
HKG/KKC	2052657614033	249835	665	7213
STP	1637700	1	1	0
EGY/BH	3733956	1	1	0
GRC/B	1061824	1	1	0
PRT/08	1441176	1	1	0
CZE	6616308	1	1	0
ALB/09	1834224	1	1	0
DZA/17	1899732	1	1	0
IND/PY	1113636	1	1	0
RUS/TYU	41876128	1	1	0
IDN/LA	917112	1	1	0
COG/BZV	851604	1	1	0
MEX/TLA	13036092	1	1	0
BGD/F	851604	1	1	0
NZL/NSN	245	1	1	0
JOR/AZ	5633688	1	1	0
DEU/TH	642642784	1	1	0
DEU/RP	642642784	1	1	0
VEN/L	7795452	1	1	0
JPN/03	1048128	1	1	0
IND/AN	917112	1	1	0
UKR/71	8647056	1	1	0
COL/NAR	6485292	1	1	0
VEN/P	917112	1	1	0
COL/TOL	1375668	1	1	0
NOR/46	8254008	1	1	0
VNM/67	1965240	2	2	0
LBR/MO	851604	1	1	0
PHL/07	851604	1	1	0
ALB/12	10219248	1	1	0
NZL/BOP	13036092	1	1	0
PAN/4	2057284	1	1	0
MUS	1113636	1	1	0
MNG/1	1048128	1	1	0
ARG/F	1441176	1	1	0
UKR/32	3995988	2	2	0
JPN/20	1113636	1	1	0
HKG/NTW	20504004	1	1	0
DZA/48	1113636	1	1	0
PRT/06	3578537584	1050	20	9
JPN/47	2528097472	1	1	0
MEX/OAX	28831368	2	0	1
ECU/I	20831544	1	1	0
BEN/AL	3733956	1	1	0
NZL/AUK	1179144	1	1	0
VNM/33	1113636	1	1	0
ECU/T	4323528	1	1	0
CYP/02	16114968	1	1	0
COL/SUC	2030748	1	1	0
IDN/SN	2190012	1	1	0
PSE	13167108	1	1	0
MEX	14739300	2	2	0
COL/CES	11201868	1	1	0
BRA/RO	1375668	1	1	0
TUN/52	2030748	1	1	0
XK	1075588683	1	1	0
CHN/GD	675356911	66	2	2
HKG/NKT	16901064	2	2	0
